academic_year,reporting_category,eligible_enrollment,chronic_absenteeism_count,chronic_absenteeism_rate,schoolwide_rate,gap_from_schoolwide,student_group,group_type
2024-25,RB,161.0,100.0,62.1,49.1,13.0,African American,Race/Ethnicity
2024-25,GF,407.0,218.0,53.6,49.1,4.5,Female,Gender
2024-25,SD,183.0,93.0,50.8,49.1,1.6999999999999957,Students with Disabilities,Program/Student Group
2024-25,SF,14.0,7.0,50.0,49.1,0.8999999999999986,Foster Youth,Program/Student Group
2024-25,SS,855.0,423.0,49.5,49.1,0.3999999999999986,Socioeconomically Disadvantaged,Program/Student Group
2024-25,SH,77.0,38.0,49.4,49.1,0.29999999999999716,Homeless Youth,Program/Student Group
2024-25,GR912,875.0,430.0,49.1,49.1,0.0,Grades 9-12,Grade Span
2024-25,RH,681.0,313.0,46.0,49.1,-3.1000000000000014,Hispanic or Latino,Race/Ethnicity
2024-25,GM,468.0,212.0,45.3,49.1,-3.8000000000000043,Male,Gender
2024-25,RW,25.0,11.0,44.0,49.1,-5.100000000000001,White,Race/Ethnicity
2024-25,SE,181.0,74.0,40.9,49.1,-8.200000000000003,English Learners,Program/Student Group
