year,scope,group,chronically_absent,eligible_students,rate_percent,source
2023-24,Cedar Grove Elementary (fictional),All students,110,500,22.0,T1 - synthetic instructional data; not CDE or app output
2024-25,Cedar Grove Elementary (fictional),All students,100,500,20.0,T1 - synthetic instructional data; not CDE or app output
2025-26,Cedar Grove Elementary (fictional),All students,90,500,18.0,T1 - synthetic instructional data; not CDE or app output
2023-24,Cedar Grove Elementary (fictional),Students with disabilities,34,100,34.0,T1 - synthetic instructional data; not CDE or app output
2024-25,Cedar Grove Elementary (fictional),Students with disabilities,32,100,32.0,T1 - synthetic instructional data; not CDE or app output
2025-26,Cedar Grove Elementary (fictional),Students with disabilities,30,100,30.0,T1 - synthetic instructional data; not CDE or app output
2023-24,Cedar Grove Elementary (fictional),English learners,20,80,25.0,T1 - synthetic instructional data; not CDE or app output
2024-25,Cedar Grove Elementary (fictional),English learners,18,80,22.5,T1 - synthetic instructional data; not CDE or app output
2025-26,Cedar Grove Elementary (fictional),English learners,16,80,20.0,T1 - synthetic instructional data; not CDE or app output
2023-24,Cedar Grove Elementary (fictional),Socioeconomically disadvantaged,78,300,26.0,T1 - synthetic instructional data; not CDE or app output
2024-25,Cedar Grove Elementary (fictional),Socioeconomically disadvantaged,72,300,24.0,T1 - synthetic instructional data; not CDE or app output
2025-26,Cedar Grove Elementary (fictional),Socioeconomically disadvantaged,66,300,22.0,T1 - synthetic instructional data; not CDE or app output
2023-24,Cedar Grove Elementary (fictional),Students without disabilities,76,400,19.0,T1 - synthetic instructional data; not CDE or app output
2024-25,Cedar Grove Elementary (fictional),Students without disabilities,68,400,17.0,T1 - synthetic instructional data; not CDE or app output
2025-26,Cedar Grove Elementary (fictional),Students without disabilities,60,400,15.0,T1 - synthetic instructional data; not CDE or app output
2025-26,District (fictional),All students,1000,5000,20.0,T2 - synthetic comparison data; not CDE or app output
2025-26,State (fictional),All students,110000,500000,22.0,T2 - synthetic comparison data; not CDE or app output
